{
  "wl": {
    "size_1_cols_1_wire_0": 2.15706e-15
  },
  "ml": {
    "size_1_cols_1_wire_0": 1.24681e-15
  },
  "bl": {
    "size_1_cols_1_wire_0": 1.82553e-15
  },
  "br": {
    "size_1_cols_1_wire_0": 1.743e-15
  }
}
