{
  "precharge_en_bar": {
    "size_1_cols_1_wire_0": 6.75705e-16,
    "size_1.47_cols_1_wire_0": 5.377047500000001e-16,
    "size_1.95_cols_1_wire_0": 4.846448108108108e-16,
    "size_2.42_cols_1_wire_0": 4.6588e-16,
    "size_2.89_cols_1_wire_0": 4.4069981818181822e-16,
    "size_3.37_cols_1_wire_0": 4.3619546875000004e-16,
    "size_3.84_cols_1_wire_0": 4.177241095890411e-16,
    "size_4.32_cols_1_wire_0": 4.166143902439024e-16,
    "size_4.79_cols_1_wire_0": 4.0113175824175827e-16,
    "size_5.26_cols_1_wire_0": 4.0176640000000007e-16,
    "size_5.74_cols_1_wire_0": 3.9094330275229364e-16,
    "size_6.21_cols_1_wire_0": 3.9286364406779663e-16,
    "size_6.68_cols_1_wire_0": 3.8064779527559056e-16,
    "size_7.16_cols_1_wire_0": 3.846270588235294e-16,
    "size_7.63_cols_1_wire_0": 3.726843448275862e-16,
    "size_8.11_cols_1_wire_0": 3.6753896103896106e-16,
    "size_8.58_cols_1_wire_0": 3.6576515337423317e-16,
    "size_9.05_cols_1_wire_0": 3.6024773255813954e-16,
    "size_9.53_cols_1_wire_0": 3.593004972375691e-16,
    "size_10_cols_1_wire_0": 3.53944e-16
  },
  "discharge": {
    "size_1_cols_1_wire_0": 5.68271e-16,
    "size_1.47_cols_1_wire_0": 4.6321525e-16,
    "size_1.95_cols_1_wire_0": 3.8483010810810814e-16,
    "size_2.42_cols_1_wire_0": 3.485578913043478e-16,
    "size_2.89_cols_1_wire_0": 3.2709501818181824e-16,
    "size_3.37_cols_1_wire_0": 3.2726609375e-16,
    "size_3.84_cols_1_wire_0": 3.0581671232876715e-16,
    "size_4.32_cols_1_wire_0": 2.9522060975609755e-16,
    "size_4.79_cols_1_wire_0": 3.005758241758242e-16,
    "size_5.26_cols_1_wire_0": 2.873959e-16,
    "size_5.74_cols_1_wire_0": 2.804330275229358e-16,
    "size_6.21_cols_1_wire_0": 2.885858474576271e-16,
    "size_6.68_cols_1_wire_0": 2.7613133858267715e-16,
    "size_7.16_cols_1_wire_0": 2.7011014705882356e-16,
    "size_7.63_cols_1_wire_0": 2.6583489655172414e-16,
    "size_8.11_cols_1_wire_0": 2.667168181818182e-16,
    "size_8.58_cols_1_wire_0": 2.617267484662577e-16,
    "size_9.05_cols_1_wire_0": 2.5770959302325585e-16,
    "size_9.53_cols_1_wire_0": 2.6063066298342544e-16,
    "size_10_cols_1_wire_0": 2.54784e-16
  },
  "resistance_bl": {
    "size_1": 9398.648063783396
  },
  "resistance_br": {
    "size_1": 9398.648063783396
  }
}
