{
  "en": {
    "size_1_cols_1_wire_0": 6.46673e-16
  },
  "ml": {
    "size_1_cols_1_wire_0": 5.89879e-16
  }
}