{
  "resistance": {
    "size_1_nf_1": 809.1660263834021,
    "size_1.25_nf_1": 793.9717381606722,
    "size_1.5_nf_1": 784.2539266806324,
    "size_1.75_nf_1": 777.4708534364241,
    "size_2_nf_1": 772.5455970928117,
    "size_2.5_nf_1": 765.7982510966918,
    "size_3_nf_1": 761.4191112595731,
    "size_5_nf_1": 754.1613760050478,
    "size_10_nf_1": 750.159924219149,
    "size_1_nf_2": 841.7288610696693,
    "size_1.25_nf_2": 822.4075653034728,
    "size_1.5_nf_2": 811.2616846784149,
    "size_1.75_nf_2": 803.061770852873,
    "size_2_nf_2": 797.4832162585017,
    "size_2.5_nf_2": 790.799158530424,
    "size_3_nf_2": 787.3029921103466,
    "size_5_nf_2": 785.4962141355915,
    "size_10_nf_2": 809.4130547844703,
    "size_1_nf_3": 860.9358296419828,
    "size_1.25_nf_3": 839.7077196063836,
    "size_1.5_nf_3": 827.6650850543074,
    "size_1.75_nf_3": 818.7919677969287,
    "size_2_nf_3": 812.8923783590203,
    "size_2.5_nf_3": 806.1292102958898,
    "size_3_nf_3": 803.0883110943103,
    "size_5_nf_3": 806.5809047895784,
    "size_10_nf_3": 849.4061362946038,
    "size_1_nf_4": 894.2550612092068,
    "size_1.25_nf_4": 869.4113536670634,
    "size_1.5_nf_4": 856.5903754959189,
    "size_1.75_nf_4": 846.3478838582384,
    "size_2_nf_4": 840.1252180197595,
    "size_2.5_nf_4": 834.1536636964156,
    "size_3_nf_4": 833.0430566701253,
    "size_5_nf_4": 847.4952389111338,
    "size_10_nf_4": 932.8629462720281,
    "size_1_nf_5": 920.032781094232,
    "size_1.25_nf_5": 895.0109477009051,
    "size_1.5_nf_5": 882.7769171769269,
    "size_1.75_nf_5": 873.1305601930638,
    "size_2_nf_5": 868.0062520386734,
    "size_2.5_nf_5": 864.9949554140812,
    "size_3_nf_5": 867.6438756652057,
    "size_5_nf_5": 900.8191774615592,
    "size_10_nf_5": 1034.1532673273966,
    "size_1_nf_6": 961.0343917789749,
    "size_1.25_nf_6": 933.9480338353978,
    "size_1.5_nf_6": 922.4642755212756,
    "size_1.75_nf_6": 912.6617394243406,
    "size_2_nf_6": 908.4877760691012,
    "size_2.5_nf_6": 909.1523028835447,
    "size_3_nf_6": 916.3886017892171,
    "size_5_nf_6": 972.0526750894314,
    "size_10_nf_6": 1164.0764257793105,
    "size_1_nf_10": 1144.4815613706087,
    "size_1.25_nf_10": 1122.3459792335648,
    "size_1.5_nf_10": 1122.468472655582,
    "size_1.75_nf_10": 1118.635449324957,
    "size_2_nf_10": 1124.6529386815573,
    "size_2.5_nf_10": 1150.1979210647496,
    "size_3_nf_10": 1185.2565592246194,
    "size_5_nf_10": 1357.9926998393569,
    "size_10_nf_10": 1832.4403466678868,
    "size_1_nf_20": 1838.3710698505581,
    "size_1.25_nf_20": 1853.5806697510397,
    "size_1.5_nf_20": 1904.333777606877,
    "size_1.75_nf_20": 1920.543740453834,
    "size_2_nf_20": 1972.3584579671547,
    "size_2.5_nf_20": 2095.1683213246715,
    "size_3_nf_20": 2233.4327714267056,
    "size_5_nf_20": 2867.6220483509705,
    "size_10_nf_20": 4592.329430354636,
    "size_1_nf_40": 3943.165332588756,
    "size_1.25_nf_40": 4114.288643146932,
    "size_1.5_nf_40": 4357.805566117336,
    "size_1.75_nf_40": 4485.382465148361,
    "size_2_nf_40": 4682.45396560387,
    "size_2.5_nf_40": 5193.986495948138,
    "size_3_nf_40": 5782.771544444655,
    "size_5_nf_40": 8317.874990944481,
    "size_10_nf_40": 15060.015016628677
  },
  "d": {
    "size_1_nf_1": 2.4362e-15,
    "size_1.25_nf_1": 2.17688e-15,
    "size_1.5_nf_1": 2.0046814814814814e-15,
    "size_1.75_nf_1": 1.8817968253968255e-15,
    "size_2_nf_1": 1.789977777777778e-15,
    "size_2.5_nf_1": 1.6612444444444445e-15,
    "size_3_nf_1": 1.5755222222222222e-15,
    "size_5_nf_1": 1.4833133333333336e-15,
    "size_10_nf_1": 1.3723777777777779e-15,
    "size_1_nf_2": 3.963377777777778e-15,
    "size_1.25_nf_2": 3.2725600000000005e-15,
    "size_1.5_nf_2": 3.023244444444444e-15,
    "size_1.75_nf_2": 2.7253587301587303e-15,
    "size_2_nf_2": 2.5088833333333334e-15,
    "size_2.5_nf_2": 2.2219888888888893e-15,
    "size_3_nf_2": 2.036296296296296e-15,
    "size_5_nf_2": 1.5320000000000002e-15,
    "size_10_nf_2": 1.36255e-15,
    "size_1_nf_3": 3.731814814814815e-15,
    "size_1.25_nf_3": 3.1295703703703706e-15,
    "size_1.5_nf_3": 2.8691358024691353e-15,
    "size_1.75_nf_3": 2.6028359788359788e-15,
    "size_2_nf_3": 2.4078888888888886e-15,
    "size_2.5_nf_3": 2.14562962962963e-15,
    "size_3_nf_3": 1.9746172839506172e-15,
    "size_5_nf_3": 1.5663333333333335e-15,
    "size_10_nf_3": 1.3894814814814815e-15,
    "size_1_nf_4": 4.1198055555555555e-15,
    "size_1.25_nf_4": 3.3977111111111117e-15,
    "size_1.5_nf_4": 3.1282037037037035e-15,
    "size_1.75_nf_4": 2.815333333333333e-15,
    "size_2_nf_4": 2.587652777777778e-15,
    "size_2.5_nf_4": 2.2852444444444447e-15,
    "size_3_nf_4": 2.0891296296296296e-15,
    "size_5_nf_4": 1.5640333333333334e-15,
    "size_10_nf_4": 1.3835250000000001e-15,
    "size_1_nf_5": 3.93648888888889e-15,
    "size_1.25_nf_5": 3.276533333333333e-15,
    "size_1.5_nf_5": 3.006e-15,
    "size_1.75_nf_5": 2.7160634920634925e-15,
    "size_2_nf_5": 2.5045000000000004e-15,
    "size_2.5_nf_5": 2.2215111111111113e-15,
    "size_3_nf_5": 2.0373185185185184e-15,
    "size_5_nf_5": 1.5763644444444443e-15,
    "size_10_nf_5": 1.3954488888888889e-15,
    "size_1_nf_6": 4.167944444444444e-15,
    "size_1.25_nf_6": 3.436340740740741e-15,
    "size_1.5_nf_6": 3.160827160493827e-15,
    "size_1.75_nf_6": 2.843428571428571e-15,
    "size_2_nf_6": 2.6123796296296295e-15,
    "size_2.5_nf_6": 2.305392592592593e-15,
    "size_3_nf_6": 2.1065493827160493e-15,
    "size_5_nf_6": 1.5750925925925928e-15,
    "size_10_nf_6": 1.3923537037037037e-15,
    "size_1_nf_10": 4.202366666666667e-15,
    "size_1.25_nf_10": 3.464071111111111e-15,
    "size_1.5_nf_10": 3.184385185185185e-15,
    "size_1.75_nf_10": 2.863904761904762e-15,
    "size_2_nf_10": 2.6305722222222224e-15,
    "size_2.5_nf_10": 2.32052e-15,
    "size_3_nf_10": 2.1197814814814812e-15,
    "size_5_nf_10": 1.5842733333333333e-15,
    "size_10_nf_10": 1.4005e-15,
    "size_1_nf_20": 4.230316666666667e-15,
    "size_1.25_nf_20": 3.4867955555555555e-15,
    "size_1.5_nf_20": 3.2041592592592593e-15,
    "size_1.75_nf_20": 2.881209523809524e-15,
    "size_2_nf_20": 2.6460138888888893e-15,
    "size_2.5_nf_20": 2.333511111111111e-15,
    "size_3_nf_20": 2.1312037037037037e-15,
    "size_5_nf_20": 1.5924444444444444e-15,
    "size_10_nf_20": 1.4074111111111111e-15,
    "size_1_nf_40": 4.240777777777778e-15,
    "size_1.25_nf_40": 3.4956000000000002e-15,
    "size_1.5_nf_40": 3.211629629629629e-15,
    "size_1.75_nf_40": 2.887777777777778e-15,
    "size_2_nf_40": 2.6518472222222224e-15,
    "size_2.5_nf_40": 2.338455555555556e-15,
    "size_3_nf_40": 2.1355092592592592e-15,
    "size_5_nf_40": 1.595372222222222e-15,
    "size_10_nf_40": 1.4091694444444446e-15
  },
  "g": {
    "size_1_nf_1": 1.3196111111111111e-15,
    "size_1.25_nf_1": 1.2615377777777778e-15,
    "size_1.5_nf_1": 1.2193407407407407e-15,
    "size_1.75_nf_1": 1.1955936507936508e-15,
    "size_2_nf_1": 1.1739777777777778e-15,
    "size_2.5_nf_1": 1.1499333333333335e-15,
    "size_3_nf_1": 1.1316444444444443e-15,
    "size_5_nf_1": 1.1119733333333335e-15,
    "size_10_nf_1": 1.0723822222222224e-15,
    "size_1_nf_2": 1.4295777777777777e-15,
    "size_1.25_nf_2": 1.3487422222222223e-15,
    "size_1.5_nf_2": 1.2913259259259258e-15,
    "size_1.75_nf_2": 1.2274253968253969e-15,
    "size_2_nf_2": 1.1852138888888889e-15,
    "size_2.5_nf_2": 1.1446377777777778e-15,
    "size_3_nf_2": 1.1220666666666666e-15,
    "size_5_nf_2": 1.0935822222222223e-15,
    "size_10_nf_2": 1.0632000000000002e-15,
    "size_1_nf_3": 1.4847444444444442e-15,
    "size_1.25_nf_3": 1.3930962962962964e-15,
    "size_1.5_nf_3": 1.328274074074074e-15,
    "size_1.75_nf_3": 1.2461883597883598e-15,
    "size_2_nf_3": 1.1925388888888889e-15,
    "size_2.5_nf_3": 1.1445451851851854e-15,
    "size_3_nf_3": 1.118422222222222e-15,
    "size_5_nf_3": 1.0846296296296297e-15,
    "size_10_nf_3": 1.0525666666666667e-15,