{
  "resistance": {
    "size_1_nf_1": 809.324247053508,
    "size_1.1_nf_1": 793.5328033984434,
    "size_1.2_nf_1": 781.0997210636868,
    "size_1.3_nf_1": 788.1788200777703,
    "size_1.5_nf_1": 784.2845500361368,
    "size_2_nf_1": 772.5762204483161,
    "size_3_nf_1": 761.4395268299093,
    "size_5_nf_1": 754.0899215088709,
    "size_10_nf_1": 749.9914957638754,
    "size_1_nf_2": 841.7125286134002,
    "size_1.1_nf_2": 824.2143432782281,
    "size_1.2_nf_2": 810.3276723355327,
    "size_1.3_nf_2": 815.9572658557449,
    "size_1.5_nf_2": 811.2912872554023,
    "size_2_nf_2": 797.524047399174,
    "size_3_nf_2": 787.365259599872,
    "size_5_nf_2": 785.6493309131131,
    "size_10_nf_2": 809.4824677236136,
    "size_1_nf_3": 861.1042580972565,
    "size_1.1_nf_3": 842.7348382979865,
    "size_1.2_nf_3": 828.0693133469646,
    "size_1.3_nf_3": 833.2997824671033,
    "size_1.5_nf_3": 827.9238524083189,
    "size_2_nf_3": 813.1894249074123,
    "size_3_nf_3": 803.5231627424714,
    "size_5_nf_3": 807.242369268472,
    "size_10_nf_3": 850.4396745428749,
    "size_1_nf_4": 894.7634089105787,
    "size_1.1_nf_4": 874.8684356179346,
    "size_1.2_nf_4": 859.1627373582824,
    "size_1.3_nf_4": 863.0682359636007,
    "size_1.5_nf_4": 857.2947126725185,
    "size_2_nf_4": 841.0459602419229,
    "size_3_nf_4": 834.1067078846423,
    "size_5_nf_4": 848.9508690761062,
    "size_10_nf_4": 934.7922176688005
  },
  "d": {
    "size_1_nf_1": 2.4360555555555557e-15,
    "size_1.5_nf_1": 2.004548148148148e-15,
    "size_2_nf_1": 1.7898555555555556e-15,
    "size_3_nf_1": 1.575348148148148e-15,
    "size_5_nf_1": 1.4832222222222224e-15,
    "size_10_nf_1": 1.3724333333333336e-15,
    "size_1_nf_2": 3.9641222222222226e-15,
    "size_1.5_nf_2": 3.023851851851852e-15,
    "size_2_nf_2": 2.5094305555555554e-15,
    "size_3_nf_2": 2.0367962962962962e-15,
    "size_5_nf_2": 1.5326000000000003e-15,
    "size_10_nf_2": 1.3634055555555557e-15,
    "size_1_nf_3": 3.732222222222222e-15,
    "size_1.5_nf_3": 2.86958024691358e-15,
    "size_2_nf_3": 2.408407407407407e-15,
    "size_3_nf_3": 1.975e-15,
    "size_5_nf_3": 1.5666962962962965e-15,
    "size_10_nf_3": 1.389962962962963e-15,
    "size_1_nf_4": 4.120694444444445e-15,
    "size_1.5_nf_4": 3.1287407407407407e-15,
    "size_2_nf_4": 2.588125e-15,
    "size_3_nf_4": 2.0896666666666664e-15,
    "size_5_nf_4": 1.5644555555555557e-15,
    "size_10_nf_4": 1.3840083333333334e-15,
    "size_1_nf_6": 4.168648148148148e-15,
    "size_1.5_nf_6": 3.1613456790123453e-15,
    "size_2_nf_6": 2.612824074074074e-15,
    "size_3_nf_6": 2.1069506172839507e-15,
    "size_5_nf_6": 1.5754407407407409e-15,
    "size_10_nf_6": 1.392662962962963e-15,
    "size_1_nf_10": 4.202855555555556e-15,
    "size_1.5_nf_10": 3.1848148148148146e-15,
    "size_2_nf_10": 2.6309333333333335e-15,
    "size_3_nf_10": 2.1200666666666666e-15,
    "size_5_nf_10": 1.5844911111111112e-15,
    "size_10_nf_10": 1.4006666666666666e-15,
    "size_1_nf_20": 4.230644444444445e-15,
    "size_1.5_nf_20": 3.2044148148148144e-15,
    "size_2_nf_20": 2.6462111111111116e-15,
    "size_3_nf_20": 2.1313703703703703e-15,
    "size_5_nf_20": 1.5925444444444443e-15,
    "size_10_nf_20": 1.4074666666666666e-15,
    "size_1_nf_40": 4.241000000000001e-15,
    "size_1.5_nf_40": 3.2117777777777776e-15,
    "size_2_nf_40": 2.6519722222222223e-15,
    "size_3_nf_40": 2.1355833333333334e-15,
    "size_5_nf_40": 1.5954166666666667e-15,
    "size_10_nf_40": 1.409188888888889e-15
  },
  "g": {
    "size_1_nf_1": 1.3217222222222223e-15,
    "size_1.5_nf_1": 1.2182740740740741e-15,
    "size_2_nf_1": 1.17495e-15,
    "size_3_nf_1": 1.1307037037037035e-15,
    "size_5_nf_1": 1.1120133333333334e-15,
    "size_10_nf_1": 1.0736366666666669e-15,
    "size_1_nf_2": 1.4285833333333334e-15,
    "size_1.5_nf_2": 1.2932703703703703e-15,
    "size_2_nf_2": 1.1856055555555557e-15,
    "size_3_nf_2": 1.1219425925925925e-15,
    "size_5_nf_2": 1.094088888888889e-15,
    "size_10_nf_2": 1.06365e-15,
    "size_1_nf_3": 1.4871888888888886e-15,
    "size_1.5_nf_3": 1.3291037037037035e-15,
    "size_2_nf_3": 1.1931629629629628e-15,
    "size_3_nf_3": 1.1181333333333334e-15,
    "size_5_nf_3": 1.0849555555555557e-15,
    "size_10_nf_3": 1.052951851851852e-15,
    "size_1_nf_4": 1.4968194444444443e-15,
    "size_1.5_nf_4": 1.3344907407407406e-15,
    "size_2_nf_4": 1.1891e-15,
    "size_3_nf_4": 1.111712962962963e-15,
    "size_5_nf_4": 1.0797277777777777e-15,
    "size_10_nf_4": 1.051188888888889e-15,
    "size_1_nf_6": 1.5169129629629628e-15,
    "size_1.5_nf_6": 1.3457037037037034e-15,
    "size_2_nf_6": 1.1890370370370369e-15,
    "size_3_nf_6": 1.1072469135802468e-15,
    "size_5_nf_6": 1.0735407407407407e-15,
    "size_10_nf_6": 1.0462388888888888e-15,
    "size_1_nf_10": 1.5301222222222224e-15,
    "size_1.5_nf_10": 1.352711111111111e-15,
    "size_2_nf_10": 1.1870555555555557e-15,
    "size_3_nf_10": 1.1004703703703702e-15,
    "size_5_nf_10": 1.0653488888888889e-15,
    "size_10_nf_10": 1.0368755555555557e-15,
    "size_1_nf_20": 1.5371611111111113e-15,
    "size_1.5_nf_20": 1.3518518518518517e-15,
    "size_2_nf_20": 1.1776833333333334e-15,
    "size_3_nf_20": 1.086511111111111e-15,
    "size_5_nf_20": 1.0458588888888888e-15,
    "size_10_nf_20": 1.007938888888889e-15,
    "size_1_nf_40": 1.525588888888889e-15,
    "size_1.5_nf_40": 1.3332e-15,
    "size_2_nf_40": 1.1522916666666668e-15,
    "size_3_nf_40": 1.053101851851852e-15,
    "size_5_nf_40": 1.0018833333333333e-15,
    "size_10_nf_40": 9.492805555555555e-16
  }
}