{
  "a": {
    "size_1_height_1.4": 3.50801e-16,
    "size_1.15_height_1.4": 3.401167593089691e-16,
    "size_1.33_height_1.4": 3.361584347747155e-16,
    "size_1.53_height_1.4": 3.2904286047053965e-16,
    "size_1.76_height_1.4": 3.218264297454421e-16,
    "size_2.03_height_1.4": 3.2094337635961e-16,
    "size_2.33_height_1.4": 3.162800337611419e-16,
    "size_2.69_height_1.4": 3.124996541686643e-16,
    "size_3.09_height_1.4": 3.1144917249003527e-16,
    "size_3.56_height_1.4": 3.0820621791062944e-16,
    "size_4.1_height_1.4": 3.0809957503131526e-16,
    "size_4.73_height_1.4": 3.047894205065249e-16,
    "size_5.44_height_1.4": 3.02762414703249e-16,
    "size_6.27_height_1.4": 3.0259358882092397e-16,
    "size_7.22_height_1.4": 3.0528333224381934e-16,
    "size_8.31_height_1.4": 3.030856980516987e-16,
    "size_9.57_height_1.4": 3.0352699602090505e-16,
    "size_11_height_1.4": 3.013530749716522e-16,
    "size_12.7_height_1.4": 3.0207732140764696e-16,
    "size_14.6_height_1.4": 3.0183990800879162e-16,
    "size_16.8_height_1.4": 3.0281844290066545e-16,
    "size_19.4_height_1.4": 3.0334228472391495e-16,
    "size_22.3_height_1.4": 3.0603566759804903e-16,
    "size_25.7_height_1.4": 3.061351891821374e-16,
    "size_29.6_height_1.4": 3.0664965292109886e-16,
    "size_34.1_height_1.4": 3.0849086421686623e-16,
    "size_39.3_height_1.4": 3.0995092476449955e-16,
    "size_45.2_height_1.4": 3.1116224470196623e-16,
    "size_52.1_height_1.4": 3.138421603173606e-16,
    "size_60_height_1.4": 3.1587666666666664e-16
  },
  "z": {
    "size_1_height_1.4": 4.641425256988923e-16,
    "size_1.15_height_1.4": 4.353287683884861e-16,
    "size_1.33_height_1.4": 4.1519524884547375e-16,
    "size_1.53_height_1.4": 3.9828973709297016e-16,
    "size_1.76_height_1.4": 3.8063097960123604e-16,
    "size_2.03_height_1.4": 3.6719732300012856e-16,
    "size_2.33_height_1.4": 3.5680245240931354e-16,
    "size_2.69_height_1.4": 3.4620643689359903e-16,
    "size_3.09_height_1.4": 3.3633569868257403e-16,
    "size_3.56_height_1.4": 3.319631940883152e-16,
    "size_4.1_height_1.4": 4.3573490186807507e-16,
    "size_4.73_height_1.4": 4.1464394166539206e-16,
    "size_5.44_height_1.4": 3.9538163053245323e-16,
    "size_6.27_height_1.4": 3.767006418254957e-16,
    "size_7.22_height_1.4": 4.091999578549766e-16,
    "size_8.31_height_1.4": 3.9065991991290205e-16,
    "size_9.57_height_1.4": 3.7359783931148934e-16,
    "size_11_height_1.4": 4.016144991513199e-16,
    "size_12.7_height_1.4": 3.824465243765363e-16,
    "size_14.6_height_1.4": 3.893055462098067e-16,
    "size_16.8_height_1.4": 3.729049673463862e-16,
    "size_19.4_height_1.4": 3.8243549781701093e-16,
    "size_22.3_height_1.4": 3.8471454343993473e-16,
    "size_25.7_height_1.4": 3.834935375147633e-16,
    "size_29.6_height_1.4": 3.8185579466368934e-16,
    "size_34.1_height_1.4": 3.793636517239244e-16,
    "size_39.3_height_1.4": 3.8298183893267965e-16,
    "size_45.2_height_1.4": 3.761875991981566e-16,
    "size_52.1_height_1.4": 3.768777030304511e-16,
    "size_60_height_1.4": 3.7707491095842585e-16
  },
  "r_n": {
    "size_1_height_1.4": 9082.093303736821,
    "size_1.15_height_1.4": 9073.076426838325,
    "size_1.33_height_1.4": 8819.923354669225,
    "size_1.53_height_1.4": 8787.428571884078,
    "size_1.76_height_1.4": 8769.224688334285,
    "size_2.03_height_1.4": 8662.156363904342,
    "size_2.33_height_1.4": 8625.181497628748,
    "size_2.69_height_1.4": 8563.821366784896,
    "size_3.09_height_1.4": 8592.630004926003,
    "size_3.56_height_1.4": 8559.454703129648,
    "size_4.1_height_1.4": 8736.673195631538,
    "size_4.73_height_1.4": 8717.33511372973,
    "size_5.44_height_1.4": 8674.405706106074,
    "size_6.27_height_1.4": 8643.555510931345,
    "size_7.22_height_1.4": 8629.264611695995,
    "size_8.31_height_1.4": 8620.417864550298,
    "size_9.57_height_1.4": 8611.514407487002,
    "size_11_height_1.4": 8702.13685581277,
    "size_12.7_height_1.4": 8687.33556731901,
    "size_14.6_height_1.4": 8682.571934240563,
    "size_16.8_height_1.4": 8662.099653986743,
    "size_19.4_height_1.4": 8703.668023587985,
    "size_22.3_height_1.4": 8658.867188683507,
    "size_25.7_height_1.4": 8674.06544660047,
    "size_29.6_height_1.4": 8719.036411257748,
    "size_34.1_height_1.4": 8693.006559079071,
    "size_39.3_height_1.4": 8718.185762493742,
    "size_45.2_height_1.4": 8744.726003930824,
    "size_52.1_height_1.4": 8750.283575855683,
    "size_60_height_1.4": 8776.370137951959
  },
  "r_p": {
    "size_1_height_1.4": 8902.719834366108,
    "size_1.15_height_1.4": 8876.63327226983,
    "size_1.33_height_1.4": 8761.3420097878,
    "size_1.53_height_1.4": 8721.304807961775,
    "size_1.76_height_1.4": 8753.402621323716,
    "size_2.03_height_1.4": 8697.089673146314,
    "size_2.33_height_1.4": 8671.797049896446,
    "size_2.69_height_1.4": 8689.603964023036,
    "size_3.09_height_1.4": 8673.158087918862,
    "size_3.56_height_1.4": 8664.311340773167,
    "size_4.1_height_1.4": 8939.297731218498,
    "size_4.73_height_1.4": 8947.520669270585,
    "size_5.44_height_1.4": 8950.469584985816,
    "size_6.27_height_1.4": 8933.85357912884,
    "size_7.22_height_1.4": 9011.489456324069,
    "size_8.31_height_1.4": 9076.082052471156,
    "size_9.57_height_1.4": 9083.90802110004,
    "size_11_height_1.4": 9339.329489973163,
    "size_12.7_height_1.4": 9353.10999995011,
    "size_14.6_height_1.4": 9630.137947429062,
    "size_16.8_height_1.4": 9727.3387461965,
    "size_19.4_height_1.4": 10003.799594499445,
    "size_22.3_height_1.4": 10317.008469407585,
    "size_25.7_height_1.4": 10798.986059095123,
    "size_29.6_height_1.4": 11358.486106142687,
    "size_34.1_height_1.4": 12096.905943220157,
    "size_39.3_height_1.4": 13022.128248874025,
    "size_45.2_height_1.4": 14131.147397471446,
    "size_52.1_height_1.4": 15468.537384246503,
    "size_60_height_1.4": 17066.509442396335
  },
  "resistance": {
    "size_1_height_1.4": 9082.093303736821,
    "size_1.15_height_1.4": 9073.076426838325,
    "size_1.33_height_1.4": 8819.923354669225,
    "size_1.53_height_1.4": 8787.428571884078,
    "size_1.76_height_1.4": 8769.224688334285,
    "size_2.03_height_1.4": 8697.089673146314,
    "size_2.33_height_1.4": 8671.797049896446,
    "size_2.69_height_1.4": 8689.603964023036,
    "size_3.09_height_1.4": 8673.158087918862,
    "size_3.56_height_1.4": 8664.311340773167,
    "size_4.1_height_1.4": 8939.297731218498,
    "size_4.73_height_1.4": 8947.520669270585,
    "size_5.44_height_1.4": 8950.469584985816,
    "size_6.27_height_1.4": 8933.85357912884,
    "size_7.22_height_1.4": 9011.489456324069,
    "size_8.31_height_1.4": 9076.082052471156,
    "size_9.57_height_1.4": 9083.90802110004,
    "size_11_height_1.4": 9339.329489973163,
    "size_12.7_height_1.4": 9353.10999995011,
    "size_14.6_height_1.4": 9630.137947429062,
    "size_16.8_height_1.4": 9727.3387461965,
    "size_19.4_height_1.4": 10003.799594499445,
    "size_22.3_height_1.4": 10317.008469407585,
    "size_25.7_height_1.4": 10798.986059095123,
    "size_29.6_height_1.4": 11358.486106142687,
    "size_34.1_height_1.4": 12096.905943220157,
    "size_39.3_height_1.4": 13022.128248874025,
    "size_45.2_height_1.4": 14131.147397471446,
    "size_52.1_height_1.4": 15468.537384246503,
    "size_60_height_1.4": 17066.509442396335
  }
}