{
  "r_n": {
    "size_1_height_1.35": 9078.23702933998,
    "size_1.54_height_1.35": 8721.07796829137,
    "size_2.39_height_1.35": 8610.663758722994,
    "size_3.68_height_1.35": 8841.076153934251,
    "size_5.69_height_1.35": 8713.875808756095,
    "size_8.79_height_1.35": 8680.47366728934,
    "size_13.6_height_1.35": 8662.042944069142,
    "size_21_height_1.35": 8685.747689626194,
    "size_32.4_height_1.35": 8714.839877355305,
    "size_50_height_1.35": 8740.529470028378
  },
  "r_p": {
    "size_1_height_1.35": 8899.203819474871,
    "size_1.54_height_1.35": 8714.3294880969,
    "size_2.39_height_1.35": 8665.78579863078,
    "size_3.68_height_1.35": 8905.66875008134,
    "size_5.69_height_1.35": 8959.089492461108,
    "size_8.79_height_1.35": 9153.32096024318,
    "size_13.6_height_1.35": 9526.188668467155,
    "size_21_height_1.35": 10346.384206724697,
    "size_32.4_height_1.35": 11858.780999215222,
    "size_50_height_1.35": 15064.08225191899
  },
  "resistance": {
    "size_1_height_1.35": 9078.23702933998,
    "size_1.54_height_1.35": 8721.07796829137,
    "size_2.39_height_1.35": 8665.78579863078,
    "size_3.68_height_1.35": 8905.66875008134,
    "size_5.69_height_1.35": 8959.089492461108,
    "size_8.79_height_1.35": 9153.32096024318,
    "size_13.6_height_1.35": 9526.188668467155,
    "size_21_height_1.35": 10346.384206724697,
    "size_32.4_height_1.35": 11858.780999215222,
    "size_50_height_1.35": 15064.08225191899
  },
  "A": {
    "size_1": 3.34913e-16,
    "size_3.58": 3.0973911764705885e-16,
    "size_6.16": 3.026261538461538e-16,
    "size_8.74": 3.015631927710844e-16,
    "size_11.3": 3.015255813953488e-16,
    "size_13.9": 3.0244905303030305e-16,
    "size_16.5": 3.0260201277955274e-16,
    "size_19.1": 3.038861049723756e-16,
    "size_21.6": 3.0563002433090025e-16,
    "size_24.2": 3.0427260869565215e-16,
    "size_26.8": 3.0525385068762276e-16,
    "size_29.4": 3.065319713261649e-16,
    "size_31.9": 3.0833087314662274e-16,
    "size_34.5": 3.100823170731707e-16,
    "size_37.1": 3.0983205673758864e-16,
    "size_39.7": 3.1086419098143238e-16,
    "size_42.3": 3.118460772104608e-16,
    "size_44.8": 3.117115023474178e-16,
    "size_47.4": 3.1396603773584907e-16,
    "size_50": 3.1492e-16
  }
}