{
  "resistance": {
    "size_1_nf_1": 1246.4879585555202,
    "size_1.1_nf_1": 1220.8460022132308,
    "size_1.2_nf_1": 1200.2977306698276,
    "size_1.3_nf_1": 1210.3166718123266,
    "size_1.5_nf_1": 1202.76801468051,
    "size_2_nf_1": 1182.4341066256375,
    "size_3_nf_1": 1162.712665680851,
    "size_5_nf_1": 1149.095480266594,
    "size_10_nf_1": 1140.092213748322,
    "size_1_nf_2": 1294.4798605233839,
    "size_1.1_nf_2": 1265.8061919861661,
    "size_1.2_nf_2": 1242.8284675727532,
    "size_1.3_nf_2": 1250.5455531598434,
    "size_1.5_nf_2": 1241.4402087898902,
    "size_2_nf_2": 1216.6761219720586,
    "size_3_nf_2": 1196.8832265310953,
    "size_5_nf_2": 1187.2368695472326,
    "size_10_nf_2": 1204.7330133253708,
    "size_1_nf_3": 1321.2339550597387,
    "size_1.1_nf_3": 1290.7040007897003,
    "size_1.2_nf_3": 1266.3507773248843,
    "size_1.3_nf_3": 1273.210408957854,
    "size_1.5_nf_3": 1262.6131967855817,
    "size_2_nf_3": 1235.5344946808812,
    "size_3_nf_3": 1213.6005163009072,
    "size_5_nf_3": 1205.3674271735688,
    "size_10_nf_3": 1232.1842995887077,
    "size_1_nf_4": 1366.3977901467777,
    "size_1.1_nf_4": 1332.8080522725986,
    "size_1.2_nf_4": 1306.1269434001956,
    "size_1.3_nf_4": 1310.5754961764578,
    "size_1.5_nf_4": 1298.2383670222814,
    "size_2_nf_4": 1266.3900772977822,
    "size_3_nf_4": 1243.173490711435,
    "size_5_nf_4": 1238.6085691842568,
    "size_10_nf_4": 1298.5078525507197
  },
  "d": {
    "size_1_nf_1": 1.9885526315789476e-15,
    "size_1.5_nf_1": 1.7179873294346978e-15,
    "size_2_nf_1": 1.5719590643274854e-15,
    "size_3_nf_1": 1.4749293372319685e-15,
    "size_5_nf_1": 1.3921359649122808e-15,
    "size_10_nf_1": 1.3315058479532165e-15,
    "size_1_nf_2": 2.995105994152047e-15,
    "size_1.5_nf_2": 2.3431384015594537e-15,
    "size_2_nf_2": 2.0305555555555553e-15,
    "size_3_nf_2": 1.5463815789473683e-15,
    "size_5_nf_2": 1.4095248538011698e-15,
    "size_10_nf_2": 1.301966374269006e-15,
    "size_1_nf_3": 2.842300194931774e-15,
    "size_1.5_nf_3": 2.2545808966861597e-15,
    "size_2_nf_3": 1.9660940545808968e-15,
    "size_3_nf_3": 1.5784844054580897e-15,
    "size_5_nf_3": 1.4357992202729048e-15,
    "size_10_nf_3": 1.327319688109162e-15,
    "size_1_nf_4": 3.096765350877193e-15,
    "size_1.5_nf_4": 2.411001461988304e-15,
    "size_2_nf_4": 2.081496710526316e-15,
    "size_3_nf_4": 1.5806652046783623e-15,
    "size_5_nf_4": 1.4323830409356727e-15,
    "size_10_nf_4": 1.3210142543859648e-15,
    "size_1_nf_6": 3.1293250487329435e-15,
    "size_1.5_nf_6": 2.433187134502924e-15,
    "size_2_nf_6": 2.098678118908382e-15,
    "size_3_nf_6": 1.5921702404158543e-15,
    "size_5_nf_6": 1.4413693957115014e-15,
    "size_10_nf_6": 1.329714912280702e-15,
    "size_1_nf_10": 3.152938596491228e-15,
    "size_1.5_nf_10": 2.449576023391813e-15,
    "size_2_nf_10": 2.1117361111111108e-15,
    "size_3_nf_10": 1.6015448343079922e-15,
    "size_5_nf_10": 1.4492763157894737e-15,
    "size_10_nf_10": 1.3376535087719299e-15,
    "size_1_nf_20": 3.1725073099415202e-15,
    "size_1.5_nf_20": 2.4634990253411303e-15,
    "size_2_nf_20": 2.123081140350877e-15,
    "size_3_nf_20": 1.609856237816764e-15,
    "size_5_nf_20": 1.4562646198830408e-15,
    "size_10_nf_20": 1.3438450292397661e-15,
    "size_1_nf_40": 3.1801352339181287e-15,
    "size_1.5_nf_40": 2.4689571150097467e-15,
    "size_2_nf_40": 2.127375730994152e-15,
    "size_3_nf_40": 1.6130604288499025e-15,
    "size_5_nf_40": 1.4584539473684211e-15,
    "size_10_nf_40": 1.3437701023391812e-15
  },
  "g": {
    "size_1_nf_1": 1.2470029239766082e-15,
    "size_1.5_nf_1": 1.1935282651072123e-15,
    "size_2_nf_1": 1.1553216374269005e-15,
    "size_3_nf_1": 1.132465886939571e-15,
    "size_5_nf_1": 1.102656432748538e-15,
    "size_10_nf_1": 1.0608333333333334e-15,
    "size_1_nf_2": 1.3563413742690058e-15,
    "size_1.5_nf_2": 1.2217592592592591e-15,
    "size_2_nf_2": 1.1678234649122807e-15,
    "size_3_nf_2": 1.1305470272904483e-15,
    "size_5_nf_2": 1.09468567251462e-15,
    "size_10_nf_2": 1.0582236842105263e-15,
    "size_1_nf_3": 1.3949537037037038e-15,
    "size_1.5_nf_3": 1.2285818713450293e-15,
    "size_2_nf_3": 1.1679130116959065e-15,
    "size_3_nf_3": 1.1246669915529565e-15,
    "size_5_nf_3": 1.0865789473684213e-15,
    "size_10_nf_3": 1.0519541910331387e-15,
    "size_1_nf_4": 1.4046052631578946e-15,
    "size_1.5_nf_4": 1.2269615009746586e-15,
    "size_2_nf_4": 1.1635416666666665e-15,
    "size_3_nf_4": 1.1210099902534112e-15,
    "size_5_nf_4": 1.0835160818713451e-15,
    "size_10_nf_4": 1.0532766812865497e-15,
    "size_1_nf_6": 1.3909600389863548e-15,
    "size_1.5_nf_6": 1.2080977907732293e-15,
    "size_2_nf_6": 1.1480811403508771e-15,
    "size_3_nf_6": 1.1076754385964911e-15,
    "size_5_nf_6": 1.073764619883041e-15,
    "size_10_nf_6": 1.0488499025341132e-15,
    "size_1_nf_10": 1.3767324561403508e-15,
    "size_1.5_nf_10": 1.1899171539961013e-15,
    "size_2_nf_10": 1.131173245614035e-15,
    "size_3_nf_10": 1.09364522417154e-15,
    "size_5_nf_10": 1.0628026315789475e-15,
    "size_10_nf_10": 1.0405774853801169e-15,
    "size_1_nf_20": 1.3608114035087717e-15,
    "size_1.5_nf_20": 1.1704483430799218e-15,
    "size_2_nf_20": 1.1120760233918128e-15,
    "size_3_nf_20": 1.074088693957115e-15,
    "size_5_nf_20": 1.0407236842105264e-15,
    "size_10_nf_20": 1.0107858187134503e-15,
    "size_1_nf_40": 1.3377832602339182e-15,
    "size_1.5_nf_40": 1.141922514619883e-15,
    "size_2_nf_40": 1.0802448830409356e-15,
    "size_3_nf_40": 1.035891812865497e-15,
    "size_5_nf_40": 9.923464912280701e-16,
    "size_10_nf_40": 9.473720760233919e-16
  }
}