{
  "resistance": {
    "size_1_nf_1": 1246.5032702332724,
    "size_1.25_nf_1": 1219.7997042334996,
    "size_1.5_nf_1": 1202.778222465678,
    "size_1.75_nf_1": 1190.8759449596632,
    "size_2_nf_1": 1182.1891197816028,
    "size_2.5_nf_1": 1170.3276734162603,
    "size_3_nf_1": 1162.539133332993,
    "size_5_nf_1": 1149.0699608036737,
    "size_10_nf_1": 1140.1228371038262,
    "size_1_nf_2": 1294.7860940784271,
    "size_1.25_nf_2": 1261.0289485274914,
    "size_1.5_nf_2": 1241.4708321453948,
    "size_1.75_nf_2": 1227.0676472731932,
    "size_2_nf_2": 1216.7169531127308,
    "size_2.5_nf_2": 1203.9470138674264,
    "size_3_nf_2": 1196.8423953904228,
    "size_5_nf_2": 1187.2368695472326,
    "size_10_nf_2": 1204.6411432588582,
    "size_1_nf_3": 1321.2201745497619,
    "size_1.25_nf_3": 1284.1475403762242,
    "size_1.5_nf_3": 1262.4891721957893,
    "size_1.75_nf_3": 1246.577276675741,
    "size_2_nf_3": 1235.4671232987716,
    "size_2.5_nf_3": 1221.4416264777901,
    "size_3_nf_3": 1213.4274943423077,
    "size_5_nf_3": 1205.0795676318285,
    "size_10_nf_3": 1231.7249492561427,
    "size_1_nf_4": 1366.3447096639036,
    "size_1.25_nf_4": 1322.3185322338502,
    "size_1.5_nf_4": 1298.0178788626504,
    "size_1.75_nf_4": 1279.1232685164807,
    "size_2_nf_4": 1266.2798332179666,
    "size_2.5_nf_4": 1250.5986336427175,
    "size_3_nf_4": 1242.732514392173,
    "size_5_nf_4": 1237.810320384111,
    "size_10_nf_4": 1297.0889704123524,
    "size_1_nf_5": 1395.904413953713,
    "size_1.25_nf_5": 1349.46154338511,
    "size_1.5_nf_5": 1323.9318726796696,
    "size_1.75_nf_5": 1304.3507887809449,
    "size_2_nf_5": 1291.4736677913756,
    "size_2.5_nf_5": 1276.608580640317,
    "size_3_nf_5": 1270.6395782632655,
    "size_5_nf_5": 1279.0380335103273,
    "size_10_nf_5": 1381.2281708282646,
    "size_1_nf_6": 1445.2233279934308,
    "size_1.25_nf_6": 1392.7379589945656,
    "size_1.5_nf_6": 1365.709785426447,
    "size_1.75_nf_6": 1344.1050081181447,
    "size_2_nf_6": 1330.4684279120684,
    "size_2.5_nf_6": 1316.9635281346602,
    "size_3_nf_6": 1313.656205740193,
    "size_5_nf_6": 1338.2406355390663,
    "size_10_nf_6": 1501.2120088619909,
    "size_1_nf_10": 1638.2627533075367,
    "size_1.25_nf_10": 1579.205612217443,
    "size_1.5_nf_10": 1557.2384585356733,
    "size_1.75_nf_10": 1536.8688232327117,
    "size_2_nf_10": 1529.5039062339215,
    "size_2.5_nf_10": 1536.9913166547292,
    "size_3_nf_10": 1560.5202614672198,
    "size_5_nf_10": 1704.8124087110223,
    "size_10_nf_10": 2164.4281436902897,
    "size_1_nf_20": 2368.7675871854926,
    "size_1.25_nf_20": 2334.1631954656036,
    "size_1.5_nf_20": 2364.163876074675,
    "size_1.75_nf_20": 2367.4099517581335,
    "size_2_nf_20": 2399.533851682172,
    "size_2.5_nf_20": 2500.2744835062385,
    "size_3_nf_20": 2632.669457136609,
    "size_5_nf_20": 3206.489892576679,
    "size_10_nf_20": 4808.469073504172,
    "size_1_nf_40": 4641.826980634796,
    "size_1.25_nf_40": 4716.854201620397,
    "size_1.5_nf_40": 4902.717553961321,
    "size_1.75_nf_40": 4984.0123550401395,
    "size_2_nf_40": 5162.158621793975,
    "size_2.5_nf_40": 5574.430649163554,
    "size_3_nf_40": 6101.091117126961,
    "size_5_nf_40": 8388.778266722165,
    "size_10_nf_40": 14699.088148654682
  },
  "d": {
    "size_1_nf_1": 1.9888669590643274e-15,
    "size_1.25_nf_1": 1.8266023391812867e-15,
    "size_1.5_nf_1": 1.7182943469785574e-15,
    "size_1.75_nf_1": 1.6287928153717628e-15,
    "size_2_nf_1": 1.572160087719298e-15,
    "size_2.5_nf_1": 1.5350584795321639e-15,
    "size_3_nf_1": 1.4750170565302142e-15,
    "size_5_nf_1": 1.3922046783625732e-15,
    "size_10_nf_1": 1.3314254385964913e-15,
    "size_1_nf_2": 2.994736842105263e-15,
    "size_1.25_nf_2": 2.5941198830409358e-15,
    "size_1.5_nf_2": 2.3427923976608187e-15,
    "size_1.75_nf_2": 2.157205513784461e-15,
    "size_2_nf_2": 2.0299890350877192e-15,
    "size_2.5_nf_2": 1.6252631578947369e-15,
    "size_3_nf_2": 1.5459673489278752e-15,
    "size_5_nf_2": 1.4090277777777778e-15,
    "size_10_nf_2": 1.3014327485380118e-15,
    "size_1_nf_3": 2.8419346978557506e-15,
    "size_1.25_nf_3": 2.48327485380117e-15,
    "size_1.5_nf_3": 2.2542072774528913e-15,
    "size_1.75_nf_3": 2.0831523252575886e-15,
    "size_2_nf_3": 1.9656798245614036e-15,
    "size_2.5_nf_3": 1.6627582846003902e-15,
    "size_3_nf_3": 1.5783138401559453e-15,
    "size_5_nf_3": 1.4351559454191036e-15,
    "size_10_nf_3": 1.326832358674464e-15,
    "size_1_nf_4": 3.0960709064327486e-15,
    "size_1.25_nf_4": 2.6751461988304096e-15,
    "size_1.5_nf_4": 2.4106968810916175e-15,
    "size_1.75_nf_4": 2.215591060985798e-15,
    "size_2_nf_4": 2.0810672514619882e-15,
    "size_2.5_nf_4": 1.6653728070175439e-15,
    "size_3_nf_4": 1.580391081871345e-15,
    "size_5_nf_4": 1.4319444444444445e-15,
    "size_10_nf_4": 1.3206012426900585e-15,
    "size_1_nf_5": 2.977763157894737e-15,
    "size_1.25_nf_5": 2.5874269005847953e-15,
    "size_1.5_nf_5": 2.3398538011695905e-15,
    "size_1.75_nf_5": 2.1560233918128655e-15,
    "size_2_nf_5": 2.029576023391813e-15,
    "size_2.5_nf_5": 1.6779473684210528e-15,
    "size_3_nf_5": 1.591120857699805e-15,
    "size_5_nf_5": 1.4428713450292398e-15,
    "size_10_nf_5": 1.3328084795321636e-15,
    "size_1_nf_6": 3.1288864522417156e-15,
    "size_1.25_nf_6": 2.7015497076023397e-15,
    "size_1.5_nf_6": 2.4328053931124103e-15,
    "size_1.75_nf_6": 2.2347744360902257e-15,
    "size_2_nf_6": 2.098129873294347e-15,
    "size_2.5_nf_6": 1.678732943469786e-15,
    "size_3_nf_6": 1.5919509421702404e-15,
    "size_5_nf_6": 1.441079434697856e-15,
    "size_10_nf_6": 1.329471247563353e-15,
    "size_1_nf_10": 3.152573099415205e-15,
    "size_1.25_nf_10": 2.720918128654971e-15,
    "size_1.5_nf_10": 2.4492982456140352e-15,
    "size_1.75_nf_10": 2.2494569757727652e-15,
    "size_2_nf_10": 2.111458333333333e-15,
    "size_2.5_nf_10": 1.6893187134502925e-15,
    "size_3_nf_10": 1.6013523391812865e-15,
    "size_5_nf_10": 1.4491111111111112e-15,
    "size_10_nf_10": 1.3375438596491229e-15,
    "size_1_nf_20": 3.1722880116959063e-15,
    "size_1.25_nf_20": 2.7372368421052635e-15,
    "size_1.5_nf_20": 2.463352826510721e-15,
    "size_1.75_nf_20": 2.261988304093567e-15,
    "size_2_nf_20": 2.1229532163742688e-15,
    "size_2.5_nf_20": 1.6984649122807019e-15,
    "size_3_nf_20": 1.6097709551656921e-15,
    "size_5_nf_20": 1.4562134502923976e-15,
    "size_10_nf_20": 1.3438194444444444e-15,
    "size_1_nf_40": 3.179989035087719e-15,
    "size_1.25_nf_40": 2.7436111111111112e-15,
    "size_1.5_nf_40": 2.468859649122807e-15,
    "size_1.75_nf_40": 2.26687552213868e-15,
    "size_2_nf_40": 2.127311769005848e-15,
    "size_2.5_nf_40": 1.7021345029239767e-15,
    "size_3_nf_40": 1.6130177875243665e-15,
    "size_5_nf_40": 1.4584356725146198e-15,
    "size_10_nf_40": 1.3437847222222222e-15
  },
  "g": {
    "size_1_nf_1": 1.2497880116959063e-15,
    "size_1.25_nf_1": 1.2158187134502926e-15,
    "size_1.5_nf_1": 1.1932407407407405e-15,
    "size_1.75_nf_1": 1.1658354218880534e-15,
    "size_2_nf_1": 1.1546235380116958e-15,
    "size_2.5_nf_1": 1.145263157894737e-15,
    "size_3_nf_1": 1.132222222222222e-15,
    "size_5_nf_1": 1.1021520467836257e-15,
    "size_10_nf_1": 1.059795321637427e-15,
    "size_1_nf_2": 1.3563998538011696e-15,
    "size_1.25_nf_2": 1.2658479532163743e-15,
    "size_1.5_nf_2": 1.221583820662768e-15,
    "size_1.75_nf_2": 1.1852005012531329e-15,
    "size_2_nf_2": 1.1677540204678363e-15,
    "size_2.5_nf_2": 1.144374269005848e-15,
    "size_3_nf_2": 1.1303472222222222e-15,
    "size_5_nf_2": 1.0943347953216374e-15,
    "size_10_nf_2": 1.0574926900584795e-15,
    "size_1_nf_3": 1.3947685185185187e-15,
    "size_1.25_nf_3": 1.2817387914230021e-15,
    "size_1.5_nf_3": 1.2282407407407407e-15,
    "size_1.75_nf_3": 1.1875884154831524e-15,
    "size_2_nf_3": 1.1678204191033137e-15,
    "size_2.5_nf_3": 1.1406822612085771e-15,
    "size_3_nf_3": 1.124748213125406e-15,