{
  "r_n": {
    "size_1_height_1.35": 8514.540448389971,
    "size_1.5_height_1.35": 8385.29854617819,
    "size_2_height_1.35": 8330.63018561121
  },
  "r_p": {
    "size_1_height_1.35": 9638.474305316353,
    "size_1.5_height_1.35": 9426.32250357249,
    "size_2_height_1.35": 9340.974077583582
  },
  "resistance": {
    "size_1_height_1.35": 9638.474305316353,
    "size_1.5_height_1.35": 9426.32250357249,
    "size_2_height_1.35": 9340.974077583582
  },
  "A": {
    "size_1": 5.0344e-16,
    "size_1.5": 4.913693333333333e-16,
    "size_2": 4.84895e-16
  },
  "B": {
    "size_1": 4.95391e-16,
    "size_1.5": 4.79834e-16,
    "size_2": 4.71047e-16
  },
  "C": {
    "size_1": 4.92783e-16,
    "size_1.5": 4.784093333333334e-16,
    "size_2": 4.71423e-16
  }
}