{
  "r_n": {
    "size_1_height_1.4": 8517.829623610805,
    "size_1.5_height_1.4": 8393.975163571084
  },
  "r_p": {
    "size_1_height_1.4": 9648.058281390855,
    "size_1.5_height_1.4": 9433.354533354965
  },
  "resistance": {
    "size_1_height_1.4": 9648.058281390855,
    "size_1.5_height_1.4": 9433.354533354965
  },
  "a": {
    "size_1_height_1.4": 5.51628e-16,
    "size_1.5_height_1.4": 5.191486666666667e-16
  },
  "z": {
    "size_1_height_1.4": 1.0911541395966768e-15,
    "size_1.5_height_1.4": 9.91438464100065e-16
  },
  "b": {
    "size_1_height_1.4": 5.61901e-16,
    "size_1.5_height_1.4": 5.194413333333333e-16
  },
  "c": {
    "size_1_height_1.4": 5.48817e-16,
    "size_1.5_height_1.4": 5.107213333333333e-16
  }
}