{
  "r_n": {
    "size_1_height_1.4": 7578.7133881447935,
    "size_1.5_height_1.4": 7438.469761918498,
    "size_2_height_1.4": 7380.001836872275
  },
  "r_p": {
    "size_1_height_1.4": 9304.50960056639,
    "size_1.5_height_1.4": 9099.956927781011,
    "size_2_height_1.4": 9016.36650923772
  },
  "resistance": {
    "size_1_height_1.4": 9304.50960056639,
    "size_1.5_height_1.4": 9099.956927781011,
    "size_2_height_1.4": 9016.36650923772
  },
  "a": {
    "size_1_height_1.4": 4.84257e-16,
    "size_1.5_height_1.4": 4.566633333333333e-16,
    "size_2_height_1.4": 4.442205e-16
  },
  "z": {
    "size_1_height_1.4": 8.033046138977846e-16,
    "size_1.5_height_1.4": 7.150596844000433e-16,
    "size_2_height_1.4": 6.826423010565572e-16
  },
  "b": {
    "size_1_height_1.4": 4.88566e-16,
    "size_1.5_height_1.4": 4.55206e-16,
    "size_2_height_1.4": 4.409395e-16
  }
}