{
  "r_n": {
    "size_1_height_1.35": 7573.212526137536,
    "size_1.5_height_1.35": 7436.087945379271,
    "size_2_height_1.35": 7378.130409591455
  },
  "r_p": {
    "size_1_height_1.35": 9298.781898888732,
    "size_1.5_height_1.35": 9097.688531076985,
    "size_2_height_1.35": 9015.005471215305
  },
  "resistance": {
    "size_1_height_1.35": 9298.781898888732,
    "size_1.5_height_1.35": 9097.688531076985,
    "size_2_height_1.35": 9015.005471215305
  },
  "A": {
    "size_1": 4.53013e-16,
    "size_1.5": 4.4124066666666664e-16,
    "size_2": 4.345025e-16
  },
  "B": {
    "size_1": 4.50703e-16,
    "size_1.5": 4.3654e-16,
    "size_2": 4.30013e-16
  }
}