{
  "r_n": {
    "size_1_height_1.4": 9623.219337481789,
    "size_1.5_height_1.4": 9278.763297975718
  },
  "r_p": {
    "size_1_height_1.4": 7720.4314722287045,
    "size_1.5_height_1.4": 7583.98741048165
  },
  "resistance": {
    "size_1_height_1.4": 9623.219337481789,
    "size_1.5_height_1.4": 9278.763297975718
  },
  "a": {
    "size_1_height_1.4": 5.03264e-16,
    "size_1.5_height_1.4": 4.791686666666667e-16
  },
  "z": {
    "size_1_height_1.4": 8.514986010565571e-16,
    "size_1.5_height_1.4": 7.541713222781747e-16
  },
  "b": {
    "size_1_height_1.4": 4.99156e-16,
    "size_1.5_height_1.4": 4.705799999999999e-16
  }
}