{
  "r_n": {
    "size_1_height_1.35": 9616.414147369716,
    "size_1.5_height_1.35": 9272.865466545252,
    "size_2_height_1.35": 9125.873360124488
  },
  "r_p": {
    "size_1_height_1.35": 7716.121518491058,
    "size_1.5_height_1.35": 7584.0441203992505,
    "size_2_height_1.35": 7508.449800237645
  },
  "resistance": {
    "size_1_height_1.35": 9616.414147369716,
    "size_1.5_height_1.35": 9272.865466545252,
    "size_2_height_1.35": 9125.873360124488
  },
  "A": {
    "size_1": 4.76867e-16,
    "size_1.5": 4.633126666666667e-16,
    "size_2": 4.57524e-16
  },
  "B": {
    "size_1": 4.67765e-16,
    "size_1.5": 4.51278e-16,
    "size_2": 4.45778e-16
  }
}