{
  "en": {
    "size_1_cols_1_wire_0": 9.64006e-16,
    "size_1_cols_4_wire_0": 9.620525e-16,
    "size_1_cols_8_wire_0": 9.62465e-16,
    "size_1_cols_16_wire_0": 9.6234375e-16,
    "size_1_cols_32_wire_0": 9.5415e-16,
    "size_1_cols_64_wire_0": 9.30328125e-16,
    "size_1_cols_128_wire_0": 8.6875e-16,
    "size_1_cols_256_wire_0": 7.1709375e-16,
    "size_1.47_cols_1_wire_0": 7.249387755102041e-16,
    "size_1.47_cols_4_wire_0": 7.247721088435375e-16,
    "size_1.47_cols_8_wire_0": 7.259557823129252e-16,
    "size_1.47_cols_16_wire_0": 7.269132653061225e-16,
    "size_1.47_cols_32_wire_0": 7.218069727891157e-16,
    "size_1.47_cols_64_wire_0": 7.030920493197279e-16,
    "size_1.47_cols_128_wire_0": 6.524287840136054e-16,
    "size_1.47_cols_256_wire_0": 5.300170068027211e-16,
    "size_1.95_cols_1_wire_0": 6.298461538461538e-16,
    "size_1.95_cols_4_wire_0": 6.321051282051283e-16,
    "size_1.95_cols_8_wire_0": 6.349307692307692e-16,
    "size_1.95_cols_16_wire_0": 6.378814102564103e-16,
    "size_1.95_cols_32_wire_0": 6.366858974358974e-16,
    "size_1.95_cols_64_wire_0": 6.230280448717949e-16,
    "size_1.95_cols_128_wire_0": 5.75625e-16,
    "size_1.95_cols_256_wire_0": 4.1387820512820514e-16,
    "size_2.42_cols_1_wire_0": 5.797975206611571e-16,
    "size_2.42_cols_4_wire_0": 5.848780991735537e-16,
    "size_2.42_cols_8_wire_0": 5.890547520661157e-16,
    "size_2.42_cols_16_wire_0": 5.934839876033058e-16,
    "size_2.42_cols_32_wire_0": 5.967523243801653e-16,
    "size_2.42_cols_64_wire_0": 5.859478305785124e-16,
    "size_2.42_cols_128_wire_0": 5.398857179752066e-16,
    "size_2.42_cols_256_wire_0": 3.3177944214876036e-16,
    "size_2.89_cols_1_wire_0": 5.434256055363322e-16,
    "size_2.89_cols_4_wire_0": 5.507335640138408e-16,
    "size_2.89_cols_8_wire_0": 5.555363321799308e-16,
    "size_2.89_cols_16_wire_0": 5.639100346020761e-16,
    "size_2.89_cols_32_wire_0": 5.701189446366782e-16,
    "size_2.89_cols_64_wire_0": 5.601967993079585e-16,
    "size_2.89_cols_128_wire_0": 5.141463019031142e-16,
    "size_2.89_cols_256_wire_0": 2.6893382352941173e-16,
    "size_3.37_cols_1_wire_0": 5.205786350148368e-16,
    "size_3.37_cols_4_wire_0": 5.285719584569732e-16,
    "size_3.37_cols_8_wire_0": 5.369807121661721e-16,
    "size_3.37_cols_16_wire_0": 5.471402077151335e-16,
    "size_3.37_cols_32_wire_0": 5.570873516320475e-16,
    "size_3.37_cols_64_wire_0": 5.470975519287835e-16,
    "size_3.37_cols_128_wire_0": 5.007117025222552e-16,
    "size_3.37_cols_256_wire_0": 2.182249165430267e-16,
    "size_3.84_cols_1_wire_0": 4.984166666666667e-16,
    "size_3.84_cols_4_wire_0": 5.085260416666667e-16,
    "size_3.84_cols_8_wire_0": 5.183854166666667e-16,
    "size_3.84_cols_16_wire_0": 5.304475911458333e-16,
    "size_3.84_cols_32_wire_0": 5.420231119791666e-16,
    "size_3.84_cols_64_wire_0": 5.317830403645833e-16,
    "size_3.84_cols_128_wire_0": 4.851847330729167e-16,
    "size_3.84_cols_256_wire_0": 1.8155110677083332e-16,
    "size_4.32_cols_1_wire_0": 4.841851851851852e-16,
    "size_4.32_cols_4_wire_0": 4.964988425925925e-16,
    "size_4.32_cols_8_wire_0": 5.080844907407407e-16,
    "size_4.32_cols_16_wire_0": 5.227416087962963e-16,
    "size_4.32_cols_32_wire_0": 5.358051215277778e-16,
    "size_4.32_cols_64_wire_0": 5.243127893518518e-16,
    "size_4.32_cols_128_wire_0": 4.777759693287036e-16,
    "size_4.32_cols_256_wire_0": 1.5109230324074075e-16,
    "size_4.79_cols_1_wire_0": 4.694947807933194e-16,
    "size_4.79_cols_4_wire_0": 4.837437369519833e-16,
    "size_4.79_cols_8_wire_0": 4.967301670146138e-16,
    "size_4.79_cols_16_wire_0": 5.131602296450939e-16,
    "size_4.79_cols_32_wire_0": 5.264874739039666e-16,
    "size_4.79_cols_64_wire_0": 5.140037839248434e-16,
    "size_4.79_cols_128_wire_0": 4.680160490605428e-16,
    "size_4.79_cols_256_wire_0": 1.2880023486430064e-16,
    "size_5.26_cols_1_wire_0": 4.614980988593157e-16,
    "size_5.26_cols_4_wire_0": 4.781273764258556e-16,
    "size_5.26_cols_8_wire_0": 4.917276615969582e-16,
    "size_5.26_cols_16_wire_0": 5.114710076045627e-16,
    "size_5.26_cols_32_wire_0": 5.257040161596958e-16,
    "size_5.26_cols_64_wire_0": 5.124079134980989e-16,
    "size_5.26_cols_128_wire_0": 4.660616682509506e-16,
    "size_5.74_cols_1_wire_0": 4.493240418118467e-16,
    "size_5.74_cols_4_wire_0": 4.679660278745644e-16,
    "size_5.74_cols_8_wire_0": 4.826045296167247e-16,
    "size_5.74_cols_16_wire_0": 5.040211236933798e-16,
    "size_5.74_cols_32_wire_0": 5.1761106271777e-16,
    "size_5.74_cols_64_wire_0": 5.031658318815331e-16,
    "size_5.74_cols_128_wire_0": 4.574708732578397e-16,
    "size_6.21_cols_1_wire_0": 4.438840579710145e-16,
    "size_6.21_cols_4_wire_0": 4.64597423510467e-16,
    "size_6.21_cols_8_wire_0": 4.812580515297906e-16,
    "size_6.21_cols_16_wire_0": 5.050785024154589e-16,
    "size_6.21_cols_32_wire_0": 5.181763285024155e-16,
    "size_6.21_cols_64_wire_0": 5.031199677938808e-16,
    "size_6.21_cols_128_wire_0": 4.427674617552335e-16,
    "size_6.68_cols_1_wire_0": 4.345553892215569e-16,
    "size_6.68_cols_4_wire_0": 4.566504491017964e-16,
    "size_6.68_cols_8_wire_0": 4.747586077844312e-16,
    "size_6.68_cols_16_wire_0": 4.99625748502994e-16,
    "size_6.68_cols_32_wire_0": 5.118544161676646e-16,
    "size_6.68_cols_64_wire_0": 4.959580838323353e-16,
    "size_6.68_cols_128_wire_0": 4.1588697604790423e-16,
    "size_7.16_cols_1_wire_0": 4.3022067039106147e-16,
    "size_7.16_cols_4_wire_0": 4.532053072625698e-16,
    "size_7.16_cols_8_wire_0": 4.745373603351955e-16,
    "size_7.16_cols_16_wire_0": 5.016646298882681e-16,
    "size_7.16_cols_32_wire_0": 5.133729050279329e-16,
    "size_7.16_cols_64_wire_0": 4.965913058659218e-16,
    "size_7.16_cols_128_wire_0": 3.9011544168994413e-16,
    "size_7.63_cols_1_wire_0": 4.219462647444299e-16,
    "size_7.63_cols_4_wire_0": 4.465629095674967e-16,
    "size_7.63_cols_8_wire_0": 4.689711664482307e-16,
    "size_7.63_cols_16_wire_0": 4.965022935779816e-16,
    "size_7.63_cols_32_wire_0": 5.0682749017038e-16,
    "size_7.63_cols_64_wire_0": 4.896850425950197e-16,
    "size_7.63_cols_128_wire_0": 3.667339039973788e-16,
    "size_8.11_cols_1_wire_0": 4.153538840937115e-16,
    "size_8.11_cols_4_wire_0": 4.416646115906289e-16,
    "size_8.11_cols_8_wire_0": 4.64807336621455e-16,
    "size_8.11_cols_16_wire_0": 4.936305487053022e-16,
    "size_8.11_cols_32_wire_0": 5.030286683107275e-16,
    "size_8.11_cols_64_wire_0": 4.855637330456228e-16,
    "size_8.11_cols_128_wire_0": 3.4457074599260175e-16,
    "size_8.58_cols_1_wire_0": 4.1083449883449883e-16,
    "size_8.58_cols_4_wire_0": 4.389831002331002e-16,
    "size_8.58_cols_8_wire_0": 4.634746503496503e-16,
    "size_8.58_cols_16_wire_0": 4.934775641025642e-16,
    "size_8.58_cols_32_wire_0": 5.016098484848485e-16,
    "size_8.58_cols_64_wire_0": 4.84107298951049e-16,
    "size_8.58_cols_128_wire_0": 3.242487980769231e-16,
    "size_9.05_cols_1_wire_0": 4.05446408839779e-16,
    "size_9.05_cols_4_wire_0": 4.353121546961326e-16,
    "size_9.05_cols_8_wire_0": 4.611837016574585e-16,
    "size_9.05_cols_16_wire_0": 4.915103591160221e-16,
    "size_9.05_cols_32_wire_0": 4.986015193370166e-16,
    "size_9.05_cols_64_wire_0": 4.809772099447513e-16,
    "size_9.05_cols_128_wire_0": 3.0558183701657454e-16,
    "size_9.53_cols_1_wire_0": 4.0181951731374607e-16,
    "size_9.53_cols_4_wire_0": 4.336175236096537e-16,
    "size_9.53_cols_8_wire_0": 4.611004721930746e-16,
    "size_9.53_cols_16_wire_0": 4.919045120671564e-16,
    "size_9.53_cols_32_wire_0": 4.981210650577125e-16,
    "size_9.53_cols_64_wire_0": 4.803498819517314e-16,
    "size_9.53_cols_128_wire_0": 2.876869097586569e-16,
    "size_10_cols_1_wire_0": 3.9696999999999997e-16,
    "size_10_cols_4_wire_0": 4.3044750000000003e-16,
    "size_10_cols_8_wire_0": 4.5929875e-16,
    "size_10_cols_16_wire_0": 4.89893125e-16,
    "size_10_cols_32_wire_0": 4.954625e-16,
    "size_10_cols_64_wire_0": 4.77365625e-16,