{
  "en": {
    "size_1_cols_1_wire_0": 2.58816e-16,
    "size_1.47_cols_1_wire_0": 2.2306e-16,
    "size_1.95_cols_1_wire_0": 2.0464591891891894e-16,
    "size_2.42_cols_1_wire_0": 2.2956584782608695e-16,
    "size_2.89_cols_1_wire_0": 2.0232374545454547e-16,
    "size_3.37_cols_1_wire_0": 1.85439109375e-16,
    "size_3.84_cols_1_wire_0": 1.7945838356164384e-16,
    "size_4.32_cols_1_wire_0": 1.959884756097561e-16,
    "size_4.79_cols_1_wire_0": 1.8008158241758245e-16,
    "size_5.26_cols_1_wire_0": 1.8386680000000003e-16,
    "size_5.74_cols_1_wire_0": 1.801862385321101e-16,
    "size_6.21_cols_1_wire_0": 2.0587466101694914e-16,
    "size_6.68_cols_1_wire_0": 1.8482212598425197e-16,
    "size_7.16_cols_1_wire_0": 1.7686345588235293e-16,
    "size_7.63_cols_1_wire_0": 1.728436551724138e-16,
    "size_8.11_cols_1_wire_0": 2.1598558441558444e-16,
    "size_8.58_cols_1_wire_0": 1.9172165644171781e-16,
    "size_9.05_cols_1_wire_0": 1.7963726744186045e-16,
    "size_9.53_cols_1_wire_0": 1.7238983425414368e-16,
    "size_10_cols_1_wire_0": 1.70981e-16
  },
  "bl_reset": {
    "size_1_cols_1_wire_0": 4.43978e-16,
    "size_1.47_cols_1_wire_0": 3.591590357142857e-16,
    "size_1.95_cols_1_wire_0": 2.759405945945946e-16,
    "size_2.42_cols_1_wire_0": 2.556598695652174e-16,
    "size_2.89_cols_1_wire_0": 2.4146340000000006e-16,
    "size_3.37_cols_1_wire_0": 2.31363890625e-16,
    "size_3.84_cols_1_wire_0": 2.1024541095890412e-16,
    "size_4.32_cols_1_wire_0": 1.9491682926829268e-16,
    "size_4.79_cols_1_wire_0": 1.8638561538461543e-16,
    "size_5.26_cols_1_wire_0": 1.7769047e-16,
    "size_5.74_cols_1_wire_0": 1.737680733944954e-16,
    "size_6.21_cols_1_wire_0": 2.1057796610169492e-16,
    "size_6.68_cols_1_wire_0": 1.8030102362204726e-16,
    "size_7.16_cols_1_wire_0": 1.710768382352941e-16,
    "size_7.63_cols_1_wire_0": 1.6034689655172413e-16,
    "size_8.11_cols_1_wire_0": 1.5797019480519484e-16,
    "size_8.58_cols_1_wire_0": 1.5466e-16,
    "size_9.05_cols_1_wire_0": 1.5279534883720932e-16,
    "size_9.53_cols_1_wire_0": 1.7384265193370168e-16,
    "size_10_cols_1_wire_0": 1.57128e-16
  },
  "br_reset": {
    "size_1_cols_1_wire_0": 2.06725e-16,
    "size_1.47_cols_1_wire_0": 1.7459507142857143e-16,
    "size_1.95_cols_1_wire_0": 1.5737083783783785e-16,
    "size_2.42_cols_1_wire_0": 1.4773078260869566e-16,
    "size_2.89_cols_1_wire_0": 1.4021447272727275e-16,
    "size_3.37_cols_1_wire_0": 1.3496115625000002e-16,
    "size_3.84_cols_1_wire_0": 1.3775520547945205e-16,
    "size_4.32_cols_1_wire_0": 1.3193739024390244e-16,
    "size_4.79_cols_1_wire_0": 1.2868449450549454e-16,
    "size_5.26_cols_1_wire_0": 1.247293e-16,
    "size_5.74_cols_1_wire_0": 1.2278601834862387e-16,
    "size_6.21_cols_1_wire_0": 1.2492242372881356e-16,
    "size_6.68_cols_1_wire_0": 1.2157606299212598e-16,
    "size_7.16_cols_1_wire_0": 1.1884402205882354e-16,
    "size_7.63_cols_1_wire_0": 1.182892827586207e-16,
    "size_8.11_cols_1_wire_0": 1.1698028571428572e-16,
    "size_8.58_cols_1_wire_0": 1.149379938650307e-16,
    "size_9.05_cols_1_wire_0": 1.1413476744186048e-16,
    "size_9.53_cols_1_wire_0": 1.1721425414364643e-16,
    "size_10_cols_1_wire_0": 1.14244e-16
  },
  "resistance_bl": {
    "size_1": 9252.052926785833,
    "size_1.47": 8843.571390308678,
    "size_1.95": 8725.955021205025,
    "size_2.42": 8821.624652197244,
    "size_2.89": 8761.965818881408,
    "size_3.37": 8732.476661729093,
    "size_3.84": 8733.2706005755,
    "size_4.32": 8780.623381772006,
    "size_4.79": 8721.248098044172,
    "size_5.26": 8873.060547460993,
    "size_5.74": 8830.528109260538,
    "size_6.21": 8827.91945305091,
    "size_6.68": 8870.11163174576,
    "size_7.16": 8851.510778772761,
    "size_7.63": 8874.81855490661,
    "size_8.11": 8925.176961735948,
    "size_8.58": 8914.402077391833,
    "size_9.05": 8930.904663413607,
    "size_9.53": 8911.906841017406,
    "size_10": 8969.013728041213
  },
  "resistance_br": {
    "size_1": 9121.846955974845,
    "size_1.47": 8683.649422674973,
    "size_1.95": 8609.586270288584,
    "size_2.42": 8576.864647833034,
    "size_2.89": 8565.23911472491,
    "size_3.37": 8566.600152747324,
    "size_3.84": 8655.464593627472,
    "size_4.32": 8698.620840921532,
    "size_4.79": 8638.621748100091,
    "size_5.26": 8689.547254105437,
    "size_5.74": 8647.978884504193,
    "size_6.21": 8685.634269790993,
    "size_6.68": 8659.09402835391,
    "size_7.16": 8699.641619438342,
    "size_7.63": 8794.290471913751,
    "size_8.11": 8783.005198311232,
    "size_8.58": 8841.92680269826,
    "size_9.05": 8829.053651402923,
    "size_9.53": 8827.86274313331,
    "size_10": 8891.66140043399
  }
}