{
  "en": {
    "size_1_cols_1_wire_0": 7.19794e-16,
    "size_1.47_cols_1_wire_0": 6.291313928571428e-16,
    "size_1.95_cols_1_wire_0": 5.805013513513514e-16,
    "size_2.42_cols_1_wire_0": 6.535008695652174e-16,
    "size_2.89_cols_1_wire_0": 5.752543636363637e-16,
    "size_3.37_cols_1_wire_0": 5.2721734375e-16,
    "size_3.84_cols_1_wire_0": 5.106679452054794e-16,
    "size_4.32_cols_1_wire_0": 5.62935243902439e-16,
    "size_4.79_cols_1_wire_0": 5.152445054945056e-16,
    "size_5.26_cols_1_wire_0": 5.263798000000001e-16,
    "size_5.74_cols_1_wire_0": 5.15721009174312e-16,
    "size_6.21_cols_1_wire_0": 5.953215254237287e-16,
    "size_6.68_cols_1_wire_0": 5.318937795275591e-16,
    "size_7.16_cols_1_wire_0": 5.086942647058823e-16,
    "size_7.63_cols_1_wire_0": 4.949631034482759e-16,
    "size_8.11_cols_1_wire_0": 6.291899350649351e-16,
    "size_8.58_cols_1_wire_0": 5.556520858895706e-16,
    "size_9.05_cols_1_wire_0": 5.187519186046511e-16,
    "size_9.53_cols_1_wire_0": 4.973171270718232e-16,
    "size_10_cols_1_wire_0": 4.93228e-16
  },
  "bl_reset": {
    "size_1_cols_1_wire_0": 1.25035e-15,
    "size_1.47_cols_1_wire_0": 1.0174771428571428e-15,
    "size_1.95_cols_1_wire_0": 7.808024324324324e-16,
    "size_2.42_cols_1_wire_0": 7.275430434782608e-16,
    "size_2.89_cols_1_wire_0": 6.880694545454547e-16,
    "size_3.37_cols_1_wire_0": 6.598878125e-16,
    "size_3.84_cols_1_wire_0": 5.985884931506849e-16,
    "size_4.32_cols_1_wire_0": 5.54549756097561e-16,
    "size_4.79_cols_1_wire_0": 5.318997802197803e-16,
    "size_5.26_cols_1_wire_0": 5.071195e-16,
    "size_5.74_cols_1_wire_0": 4.963706422018349e-16,
    "size_6.21_cols_1_wire_0": 6.105762711864407e-16,
    "size_6.68_cols_1_wire_0": 5.186760629921259e-16,
    "size_7.16_cols_1_wire_0": 4.923361029411765e-16,
    "size_7.63_cols_1_wire_0": 4.612164827586207e-16,
    "size_8.11_cols_1_wire_0": 4.549698051948052e-16,
    "size_8.58_cols_1_wire_0": 4.452096319018406e-16,
    "size_9.05_cols_1_wire_0": 4.404310465116279e-16,
    "size_9.53_cols_1_wire_0": 5.045308287292818e-16,
    "size_10_cols_1_wire_0": 4.55152e-16
  },
  "br_reset": {
    "size_1_cols_1_wire_0": 5.63256e-16,
    "size_1.47_cols_1_wire_0": 4.840345000000001e-16,
    "size_1.95_cols_1_wire_0": 4.403794324324325e-16,
    "size_2.42_cols_1_wire_0": 4.1650065217391305e-16,
    "size_2.89_cols_1_wire_0": 3.969825454545455e-16,
    "size_3.37_cols_1_wire_0": 3.8346453125e-16,
    "size_3.84_cols_1_wire_0": 3.8965356164383563e-16,
    "size_4.32_cols_1_wire_0": 3.738203658536585e-16,
    "size_4.79_cols_1_wire_0": 3.653157142857144e-16,
    "size_5.26_cols_1_wire_0": 3.558605000000001e-16,
    "size_5.74_cols_1_wire_0": 3.49472752293578e-16,
    "size_6.21_cols_1_wire_0": 3.576814406779661e-16,
    "size_6.68_cols_1_wire_0": 3.4783614173228343e-16,
    "size_7.16_cols_1_wire_0": 3.3947970588235295e-16,
    "size_7.63_cols_1_wire_0": 3.3831268965517246e-16,
    "size_8.11_cols_1_wire_0": 3.350366233766234e-16,
    "size_8.58_cols_1_wire_0": 3.289809202453988e-16,
    "size_9.05_cols_1_wire_0": 3.2651279069767445e-16,
    "size_9.53_cols_1_wire_0": 3.3654248618784534e-16,
    "size_10_cols_1_wire_0": 3.29207e-16
  },
  "resistance_bl": {
    "size_1": 9252.052926785833,
    "size_1.47": 8843.571390308678,
    "size_1.95": 8725.955021205025,
    "size_2.42": 8821.624652197244,
    "size_2.89": 8761.965818881408,
    "size_3.37": 8732.476661729093,
    "size_3.84": 8733.2706005755,
    "size_4.32": 8780.623381772006,
    "size_4.79": 8721.248098044172,
    "size_5.26": 8873.060547460993,
    "size_5.74": 8830.528109260538,
    "size_6.21": 8827.91945305091,
    "size_6.68": 8870.11163174576,
    "size_7.16": 8851.510778772761,
    "size_7.63": 8874.81855490661,
    "size_8.11": 8925.176961735948,
    "size_8.58": 8914.402077391833,
    "size_9.05": 8930.904663413607,
    "size_9.53": 8911.906841017406,
    "size_10": 8969.013728041213
  },
  "resistance_br": {
    "size_1": 9121.846955974845,
    "size_1.47": 8683.649422674973,
    "size_1.95": 8609.586270288584,
    "size_2.42": 8576.864647833034,
    "size_2.89": 8565.23911472491,
    "size_3.37": 8566.600152747324,
    "size_3.84": 8655.464593627472,
    "size_4.32": 8698.620840921532,
    "size_4.79": 8638.621748100091,
    "size_5.26": 8689.547254105437,
    "size_5.74": 8647.978884504193,
    "size_6.21": 8685.634269790993,
    "size_6.68": 8659.09402835391,
    "size_7.16": 8699.641619438342,
    "size_7.63": 8794.290471913751,
    "size_8.11": 8783.005198311232,
    "size_8.58": 8841.92680269826,
    "size_9.05": 8829.053651402923,
    "size_9.53": 8827.86274313331,
    "size_10": 8891.66140043399
  }
}