{
  "en": {
    "size_1_cols_1_wire_0": 4.69842e-16
  },
  "ml": {
    "size_1_cols_1_wire_0": 5.38586e-16
  }
}