{
  "discharge": {
    "size_1_cols_1_wire_0": 3.13328e-16,
    "size_1.47_cols_1_wire_0": 2.6727775000000004e-16,
    "size_1.95_cols_1_wire_0": 2.37614e-16,
    "size_2.42_cols_1_wire_0": 2.234709782608696e-16,
    "size_2.89_cols_1_wire_0": 2.1486305454545455e-16,
    "size_3.37_cols_1_wire_0": 2.15699578125e-16,
    "size_3.84_cols_1_wire_0": 2.083732602739726e-16,
    "size_4.32_cols_1_wire_0": 2.0357990243902437e-16,
    "size_4.79_cols_1_wire_0": 2.0578398901098904e-16,
    "size_5.26_cols_1_wire_0": 2.0010040000000001e-16,
    "size_5.74_cols_1_wire_0": 1.973106422018349e-16,
    "size_6.21_cols_1_wire_0": 2.0057881355932203e-16,
    "size_6.68_cols_1_wire_0": 1.9527661417322835e-16,
    "size_7.16_cols_1_wire_0": 1.923121323529412e-16,
    "size_7.63_cols_1_wire_0": 1.9020441379310347e-16,
    "size_8.11_cols_1_wire_0": 1.907316233766234e-16,
    "size_8.58_cols_1_wire_0": 1.8843920245398777e-16,
    "size_9.05_cols_1_wire_0": 1.864485465116279e-16,
    "size_9.53_cols_1_wire_0": 1.8752265193370168e-16,
    "size_10_cols_1_wire_0": 1.8557700000000002e-16
  },
  "resistance_bl": {
    "size_1": 9062.982061505416,
    "size_1.47": 8760.15110151819,
    "size_1.95": 8651.49489939543,
    "size_2.42": 8598.868095862068,
    "size_2.89": 8573.405342859398,
    "size_3.37": 8498.094572285794,
    "size_3.84": 8484.200642473645,
    "size_4.32": 8477.849131702378,
    "size_4.79": 8456.072523343746,
    "size_5.26": 8453.40715721652,
    "size_5.74": 8414.390733907301,
    "size_6.21": 8360.79986177473,
    "size_6.68": 8401.914552035169,
    "size_7.16": 8408.322772724036,
    "size_7.63": 8416.375581023322,
    "size_8.11": 8401.404162776764,
    "size_8.58": 8409.060001652846,
    "size_9.05": 8417.11280995213,
    "size_9.53": 8403.729269398387,
    "size_10": 8410.931428933665
  },
  "resistance_br": {
    "size_1": 9062.982061505416,
    "size_1.47": 8760.15110151819,
    "size_1.95": 8651.49489939543,
    "size_2.42": 8598.868095862068,
    "size_2.89": 8573.405342859398,
    "size_3.37": 8498.094572285794,
    "size_3.84": 8484.200642473645,
    "size_4.32": 8477.849131702378,
    "size_4.79": 8456.072523343746,
    "size_5.26": 8453.40715721652,
    "size_5.74": 8414.390733907301,
    "size_6.21": 8360.79986177473,
    "size_6.68": 8401.914552035169,
    "size_7.16": 8408.322772724036,
    "size_7.63": 8416.375581023322,
    "size_8.11": 8401.404162776764,
    "size_8.58": 8409.060001652846,
    "size_9.05": 8417.11280995213,
    "size_9.53": 8403.729269398387,
    "size_10": 8410.931428933665
  }
}