{
  "rwl": {
    "size_1_cols_1_wire_0": 2.35709e-16,
    "size_1_cols_4_wire_0": 2.13873e-16,
    "size_1_cols_8_wire_0": 2.126975e-16,
    "size_1_cols_16_wire_0": 2.1174875e-16,
    "size_1_cols_32_wire_0": 2.1000125e-16,
    "size_1_cols_64_wire_0": 2.054953125e-16,
    "size_1_cols_128_wire_0": 1.949921875e-16
  },
  "wwl": {
    "size_1_cols_1_wire_0": 4.94861e-16,
    "size_1_cols_4_wire_0": 4.621725e-16,
    "size_1_cols_8_wire_0": 4.6037e-16,
    "size_1_cols_16_wire_0": 4.59190625e-16,
    "size_1_cols_32_wire_0": 4.56209375e-16,
    "size_1_cols_64_wire_0": 4.48159375e-16,
    "size_1_cols_128_wire_0": 4.3000703125e-16
  },
  "bl": {
    "size_1_cols_1_wire_0": 1.58069e-15,
    "size_1_cols_4_wire_0": 1.5250125e-15,
    "size_1_cols_8_wire_0": 1.5311125e-15,
    "size_1_cols_16_wire_0": 1.537975e-15,
    "size_1_cols_32_wire_0": 1.5359625e-15,
    "size_1_cols_64_wire_0": 1.5173578125e-15,
    "size_1_cols_128_wire_0": 1.471421875e-15
  },
  "br": {
    "size_1_cols_1_wire_0": 6.82841e-16,
    "size_1_cols_4_wire_0": 5.224025e-16,
    "size_1_cols_8_wire_0": 4.6112375e-16,
    "size_1_cols_16_wire_0": 4.27825625e-16,
    "size_1_cols_32_wire_0": 4.09009375e-16,
    "size_1_cols_64_wire_0": 3.9609375e-16,
    "size_1_cols_128_wire_0": 3.8606015625e-16
  }
}